-- USERS - Clients
INSERT INTO APPLICATION_USER(ID, VERSION, FIRST_NAME, LAST_NAME, PASSWORD_HASH, EMAIL, CREATED, LAST_UPDATED) VALUES (-1, 0, 'Stefan', 'Kowalski', 'passwordHash1', 'stefan.kowalski@gmail.com', CURRENT_TIMESTAMP, CURRENT_TIMESTAMP);
INSERT INTO APPLICATION_USER(ID, VERSION, FIRST_NAME, LAST_NAME, PASSWORD_HASH, EMAIL, CREATED, LAST_UPDATED) VALUES (-2, 0, 'Anna', 'Nowak', 'passwordHash2', 'annan@yahoo.com', CURRENT_TIMESTAMP, CURRENT_TIMESTAMP);
INSERT INTO APPLICATION_USER(ID, VERSION, FIRST_NAME, LAST_NAME, PASSWORD_HASH, EMAIL, CREATED, LAST_UPDATED) VALUES (-3, 0, 'Luiza', 'Poniatowska', 'passwordHash3', 'poniatowskaluiza@o2.pl', CURRENT_TIMESTAMP, CURRENT_TIMESTAMP);
INSERT INTO APPLICATION_USER(ID, VERSION, FIRST_NAME, LAST_NAME, PASSWORD_HASH, EMAIL, CREATED, LAST_UPDATED) VALUES (-4, 0, 'Grzegorz', 'Maniewicz', 'passwordHash4', 'g.maniewicz@gmail.com', CURRENT_TIMESTAMP, CURRENT_TIMESTAMP);

-- USERS - Specialists
INSERT INTO APPLICATION_USER(ID, VERSION, FIRST_NAME, LAST_NAME, PASSWORD_HASH, EMAIL, CREATED, LAST_UPDATED) VALUES (-5, 0, 'Dobromir', 'Zegula', 'passwordHash5', 'zegula.d@gmail.com', CURRENT_TIMESTAMP, CURRENT_TIMESTAMP);
INSERT INTO APPLICATION_USER(ID, VERSION, FIRST_NAME, LAST_NAME, PASSWORD_HASH, EMAIL, CREATED, LAST_UPDATED) VALUES (-6, 0, 'Monika', 'Siewiczowa', 'passwordHash6', 'monika.s@yahoo.com', CURRENT_TIMESTAMP, CURRENT_TIMESTAMP);
INSERT INTO APPLICATION_USER(ID, VERSION, FIRST_NAME, LAST_NAME, PASSWORD_HASH, EMAIL, CREATED, LAST_UPDATED) VALUES (-7, 0, 'Andrzej', 'Piaseczny', 'passwordHash7', 'a.j.piaseczny@o2.pl', CURRENT_TIMESTAMP, CURRENT_TIMESTAMP);
INSERT INTO APPLICATION_USER(ID, VERSION, FIRST_NAME, LAST_NAME, PASSWORD_HASH, EMAIL, CREATED, LAST_UPDATED) VALUES (-8, 0, 'Patrycja', 'Milewska', 'passwordHash8', 'milewskap@gmail.com', CURRENT_TIMESTAMP, CURRENT_TIMESTAMP);

-- CLIENTS
INSERT INTO CLIENT(ID, VERSION, USER_ID, CREATED, LAST_UPDATED) VALUES (-1, 0, -1, CURRENT_TIMESTAMP, CURRENT_TIMESTAMP);
INSERT INTO CLIENT(ID, VERSION, USER_ID, CREATED, LAST_UPDATED) VALUES (-2, 0, -2, CURRENT_TIMESTAMP, CURRENT_TIMESTAMP);
INSERT INTO CLIENT(ID, VERSION, USER_ID, CREATED, LAST_UPDATED) VALUES (-3, 0, -3, CURRENT_TIMESTAMP, CURRENT_TIMESTAMP);
INSERT INTO CLIENT(ID, VERSION, USER_ID, CREATED, LAST_UPDATED) VALUES (-4, 0, -4, CURRENT_TIMESTAMP, CURRENT_TIMESTAMP);

-- SPECIALISTS
INSERT INTO SPECIALIST(ID, VERSION, USER_ID, SPECIALIZATION, CREATED, LAST_UPDATED) VALUES (-1, 0, -5, 'Dentist', CURRENT_TIMESTAMP, CURRENT_TIMESTAMP);
INSERT INTO SPECIALIST(ID, VERSION, USER_ID, SPECIALIZATION, CREATED, LAST_UPDATED) VALUES (-2, 0, -6, 'Cardiologist', CURRENT_TIMESTAMP, CURRENT_TIMESTAMP);
INSERT INTO SPECIALIST(ID, VERSION, USER_ID, SPECIALIZATION, CREATED, LAST_UPDATED) VALUES (-3, 0, -7, 'Pediatrician', CURRENT_TIMESTAMP, CURRENT_TIMESTAMP);
INSERT INTO SPECIALIST(ID, VERSION, USER_ID, SPECIALIZATION, CREATED, LAST_UPDATED) VALUES (-4, 0, -8, 'Orthopaedist', CURRENT_TIMESTAMP, CURRENT_TIMESTAMP);

-- TREATMENTS
INSERT INTO TREATMENT(ID, VERSION, NAME, DESCRIPTION, DURATION_MINUTES, SPECIALIST_ID, CREATED, LAST_UPDATED) VALUES (-1, 0, 'Konsultacja dentystyczna', 'Konsultacja dentystyczna z diagnostyką i planem leczenia', 30, -1, CURRENT_TIMESTAMP, CURRENT_TIMESTAMP);
INSERT INTO TREATMENT(ID, VERSION, NAME, DESCRIPTION, DURATION_MINUTES, SPECIALIST_ID, CREATED, LAST_UPDATED) VALUES (-2, 0, 'Leczenie kanałowe', 'Leczenie kanałowe pojedynczego zęba ze znieczuleniem', 120, -1, CURRENT_TIMESTAMP, CURRENT_TIMESTAMP);
INSERT INTO TREATMENT(ID, VERSION, NAME, DESCRIPTION, DURATION_MINUTES, SPECIALIST_ID, CREATED, LAST_UPDATED) VALUES (-3, 0, 'Konsultacja kardiologiczna', 'Konsultacja kardiologiczna z wstępną diagnostyką', 30, -2, CURRENT_TIMESTAMP, CURRENT_TIMESTAMP);
INSERT INTO TREATMENT(ID, VERSION, NAME, DESCRIPTION, DURATION_MINUTES, SPECIALIST_ID, CREATED, LAST_UPDATED) VALUES (-4, 0, 'USG serca', 'USG serca z diagnostyką', 45, -2, CURRENT_TIMESTAMP, CURRENT_TIMESTAMP);
INSERT INTO TREATMENT(ID, VERSION, NAME, DESCRIPTION, DURATION_MINUTES, SPECIALIST_ID, CREATED, LAST_UPDATED) VALUES (-5, 0, 'Konsultacja pediatryczna', 'Konsultacja pediatryczna w przypadku choroby', 20, -3, CURRENT_TIMESTAMP, CURRENT_TIMESTAMP);
INSERT INTO TREATMENT(ID, VERSION, NAME, DESCRIPTION, DURATION_MINUTES, SPECIALIST_ID, CREATED, LAST_UPDATED) VALUES (-6, 0, 'Bilans 2-latka', 'Bilans dwulatka z przygotowaniem dokumentacji', 40, -3, CURRENT_TIMESTAMP, CURRENT_TIMESTAMP);
INSERT INTO TREATMENT(ID, VERSION, NAME, DESCRIPTION, DURATION_MINUTES, SPECIALIST_ID, CREATED, LAST_UPDATED) VALUES (-7, 0, 'Wymaz z nosogardła', 'Wymaz pobierany z części nosowej gardła w celu diagnostycznym', 10, -3, CURRENT_TIMESTAMP, CURRENT_TIMESTAMP);
INSERT INTO TREATMENT(ID, VERSION, NAME, DESCRIPTION, DURATION_MINUTES, SPECIALIST_ID, CREATED, LAST_UPDATED) VALUES (-8, 0, 'Bilans 5-latka', 'Bilans pięciolatka z przygotowaniem dokumentacji', 40, -3, CURRENT_TIMESTAMP, CURRENT_TIMESTAMP);
INSERT INTO TREATMENT(ID, VERSION, NAME, DESCRIPTION, DURATION_MINUTES, SPECIALIST_ID, CREATED, LAST_UPDATED) VALUES (-9, 0, 'Płukanie żołądka', 'Interwencyjne płukanie żołądka', 30, -3, CURRENT_TIMESTAMP, CURRENT_TIMESTAMP);
INSERT INTO TREATMENT(ID, VERSION, NAME, DESCRIPTION, DURATION_MINUTES, SPECIALIST_ID, CREATED, LAST_UPDATED) VALUES (-10, 0, 'Konsultacja ortopedyczna', 'Konsultacja ortopedyczna z diagnostyką', 30, -4, CURRENT_TIMESTAMP, CURRENT_TIMESTAMP);
INSERT INTO TREATMENT(ID, VERSION, NAME, DESCRIPTION, DURATION_MINUTES, SPECIALIST_ID, CREATED, LAST_UPDATED) VALUES (-11, 0, 'Usunięcie haluksów', 'Operacja usunięcia haluksów z korekcję torebki stawowej i ścięgien', 75, -4, CURRENT_TIMESTAMP, CURRENT_TIMESTAMP);
INSERT INTO TREATMENT(ID, VERSION, NAME, DESCRIPTION, DURATION_MINUTES, SPECIALIST_ID, CREATED, LAST_UPDATED) VALUES (-12, 0, 'Rekonstrukcja więzadła ACL', 'Rekonstrukcją więzadła krzyżowego przedniego (ACL) z zastąpieniem uszkodzonego więzadła nowym więzadłem ze ścięgien pacjenta.', 180, -4, CURRENT_TIMESTAMP, CURRENT_TIMESTAMP);

-- APPOINTMENTS
INSERT INTO APPOINTMENT(ID, VERSION, CLIENT_ID, TREATMENT_ID, DATE_TIME, END_DATE_TIME, STATUS, CREATED, LAST_UPDATED) VALUES (-1, 0, -1, -1,  '2024-03-01 09:00:00', '2024-03-01 09:30:00',  'SCHEDULED', CURRENT_TIMESTAMP, CURRENT_TIMESTAMP);
INSERT INTO APPOINTMENT(ID, VERSION, CLIENT_ID, TREATMENT_ID, DATE_TIME, END_DATE_TIME, STATUS, CREATED, LAST_UPDATED) VALUES (-2, 0, -2, -3,  '2024-03-02 10:30:00', '2024-03-02 11:00:00',  'COMPLETED', CURRENT_TIMESTAMP, CURRENT_TIMESTAMP);
INSERT INTO APPOINTMENT(ID, VERSION, CLIENT_ID, TREATMENT_ID, DATE_TIME, END_DATE_TIME, STATUS, CREATED, LAST_UPDATED) VALUES (-3, 0, -3, -5,  '2024-03-03 14:00:00', '2024-03-03 14:20:00',  'CANCELLED', CURRENT_TIMESTAMP, CURRENT_TIMESTAMP);
INSERT INTO APPOINTMENT(ID, VERSION, CLIENT_ID, TREATMENT_ID, DATE_TIME, END_DATE_TIME, STATUS, CREATED, LAST_UPDATED) VALUES (-4, 0, -4, -10, '2024-03-04 08:15:00', '2024-03-04 08:45:00', 'SCHEDULED', CURRENT_TIMESTAMP, CURRENT_TIMESTAMP);
INSERT INTO APPOINTMENT(ID, VERSION, CLIENT_ID, TREATMENT_ID, DATE_TIME, END_DATE_TIME, STATUS, CREATED, LAST_UPDATED) VALUES (-5, 0, -1, -2,  '2024-03-05 11:45:00', '2024-03-05 13:45:00',  'COMPLETED', CURRENT_TIMESTAMP, CURRENT_TIMESTAMP);
INSERT INTO APPOINTMENT(ID, VERSION, CLIENT_ID, TREATMENT_ID, DATE_TIME, END_DATE_TIME, STATUS, CREATED, LAST_UPDATED) VALUES (-6, 0, -2, -4,  '2024-03-06 16:30:00', '2024-03-06 17:15:00',  'SCHEDULED', CURRENT_TIMESTAMP, CURRENT_TIMESTAMP);
INSERT INTO APPOINTMENT(ID, VERSION, CLIENT_ID, TREATMENT_ID, DATE_TIME, END_DATE_TIME, STATUS, CREATED, LAST_UPDATED) VALUES (-7, 0, -3, -6,  '2024-03-07 09:30:00', '2024-03-07 10:10:00',  'CANCELLED', CURRENT_TIMESTAMP, CURRENT_TIMESTAMP);
INSERT INTO APPOINTMENT(ID, VERSION, CLIENT_ID, TREATMENT_ID, DATE_TIME, END_DATE_TIME, STATUS, CREATED, LAST_UPDATED) VALUES (-8, 0, -4, -11, '2024-03-08 13:45:00', '2024-03-08 15:00:00', 'SCHEDULED', CURRENT_TIMESTAMP, CURRENT_TIMESTAMP);
INSERT INTO APPOINTMENT(ID, VERSION, CLIENT_ID, TREATMENT_ID, DATE_TIME, END_DATE_TIME, STATUS, CREATED, LAST_UPDATED) VALUES (-9, 0, -1, -7,  '2024-03-09 10:00:00', '2024-03-09 10:10:00',  'COMPLETED', CURRENT_TIMESTAMP, CURRENT_TIMESTAMP);
INSERT INTO APPOINTMENT(ID, VERSION, CLIENT_ID, TREATMENT_ID, DATE_TIME, END_DATE_TIME, STATUS, CREATED, LAST_UPDATED) VALUES (-10, 0, -2, -8, '2024-03-10 12:30:00', '2024-03-10 13:10:00', 'SCHEDULED', CURRENT_TIMESTAMP, CURRENT_TIMESTAMP);
INSERT INTO APPOINTMENT(ID, VERSION, CLIENT_ID, TREATMENT_ID, DATE_TIME, END_DATE_TIME, STATUS, CREATED, LAST_UPDATED) VALUES (-11, 0, -3, -9, '2024-03-11 15:00:00', '2024-03-11 15:30:00', 'CANCELLED', CURRENT_TIMESTAMP, CURRENT_TIMESTAMP);
INSERT INTO APPOINTMENT(ID, VERSION, CLIENT_ID, TREATMENT_ID, DATE_TIME, END_DATE_TIME, STATUS, CREATED, LAST_UPDATED) VALUES (-12, 0, -4, -12,'2024-03-12 17:15:00', '2024-03-12 20:15:00','SCHEDULED', CURRENT_TIMESTAMP, CURRENT_TIMESTAMP);
INSERT INTO APPOINTMENT(ID, VERSION, CLIENT_ID, TREATMENT_ID, DATE_TIME, END_DATE_TIME, STATUS, CREATED, LAST_UPDATED) VALUES (-13, 0, -1, -1, '2024-03-13 08:30:00', '2024-03-13 09:00:00', 'COMPLETED', CURRENT_TIMESTAMP, CURRENT_TIMESTAMP);
INSERT INTO APPOINTMENT(ID, VERSION, CLIENT_ID, TREATMENT_ID, DATE_TIME, END_DATE_TIME, STATUS, CREATED, LAST_UPDATED) VALUES (-14, 0, -2, -3, '2024-03-14 11:00:00', '2024-03-14 11:30:00', 'SCHEDULED', CURRENT_TIMESTAMP, CURRENT_TIMESTAMP);
INSERT INTO APPOINTMENT(ID, VERSION, CLIENT_ID, TREATMENT_ID, DATE_TIME, END_DATE_TIME, STATUS, CREATED, LAST_UPDATED) VALUES (-15, 0, -3, -5, '2024-03-15 13:00:00', '2024-03-15 13:20:00', 'CANCELLED', CURRENT_TIMESTAMP, CURRENT_TIMESTAMP);
INSERT INTO APPOINTMENT(ID, VERSION, CLIENT_ID, TREATMENT_ID, DATE_TIME, END_DATE_TIME, STATUS, CREATED, LAST_UPDATED) VALUES (-16, 0, -4, -10,'2024-03-16 09:15:00', '2024-03-16 09:45:00','SCHEDULED', CURRENT_TIMESTAMP, CURRENT_TIMESTAMP);
INSERT INTO APPOINTMENT(ID, VERSION, CLIENT_ID, TREATMENT_ID, DATE_TIME, END_DATE_TIME, STATUS, CREATED, LAST_UPDATED) VALUES (-17, 0, -1, -2, '2024-03-17 14:45:00', '2024-03-17 16:45:00', 'COMPLETED', CURRENT_TIMESTAMP, CURRENT_TIMESTAMP);
INSERT INTO APPOINTMENT(ID, VERSION, CLIENT_ID, TREATMENT_ID, DATE_TIME, END_DATE_TIME, STATUS, CREATED, LAST_UPDATED) VALUES (-18, 0, -2, -4, '2024-03-18 16:00:00', '2024-03-18 16:45:00', 'SCHEDULED', CURRENT_TIMESTAMP, CURRENT_TIMESTAMP);
INSERT INTO APPOINTMENT(ID, VERSION, CLIENT_ID, TREATMENT_ID, DATE_TIME, END_DATE_TIME, STATUS, CREATED, LAST_UPDATED) VALUES (-19, 0, -3, -6, '2024-03-19 10:45:00', '2024-03-19 11:25:00', 'CANCELLED', CURRENT_TIMESTAMP, CURRENT_TIMESTAMP);
INSERT INTO APPOINTMENT(ID, VERSION, CLIENT_ID, TREATMENT_ID, DATE_TIME, END_DATE_TIME, STATUS, CREATED, LAST_UPDATED) VALUES (-20, 0, -4, -11,'2024-03-20 12:15:00', '2024-03-20 13:30:00','SCHEDULED', CURRENT_TIMESTAMP, CURRENT_TIMESTAMP);